customer_id,first_name,last_name,gender,dob,location,total_orders
1,Taylor,Silva,O,1978-10-21,Debbieview,26
2,Ruben,Sharp,O,1986-05-20,Port Brandon,26
3,Tasha,Smith,F,1982-06-10,Byrdmouth,46
4,Hector,Meyer,F,1991-08-17,Elliottmouth,48
5,Bradley,Graham,O,1985-03-15,Obrienland,29
6,Michael,Barker,F,1981-05-12,Henryport,1
7,Shelby,Mendoza,M,2000-04-17,Newmanton,6
8,Courtney,Harris,M,1989-02-09,South Victoriaton,30
9,Edward,Briggs,M,2004-03-11,Patriciaburgh,16
10,Brenda,Morrow,F,1972-07-06,New James,17
11,Karen,Booker,F,1984-09-30,Rebeccahaven,2
12,Michelle,Ramirez,F,1968-08-30,East Josephburgh,16
13,Robert,Allen,M,1971-06-03,Edwardsborough,19
14,Kerri,Smith,O,1967-10-27,East Donna,38
15,Scott,Davis,F,1978-04-13,Flowersshire,10
16,Ashley,Sanchez,F,1970-03-08,North Nicholas,37
17,Sonia,Thomas,O,2000-01-04,Johnfort,48
18,Jennifer,Mccullough,O,1975-04-17,Stephenberg,13
19,Morgan,Cobb,O,1990-12-25,Lisaborough,8
20,Jackson,Fisher,O,1985-12-23,Lake Thomas,5
21,Kevin,Miller,F,1968-12-27,Lisaburgh,45
22,Susan,West,F,1995-02-23,South Beverly,5
23,Kelly,Padilla,O,1999-05-05,Websterfort,45
24,Seth,Arnold,O,1995-06-03,Smithville,15
25,Ashley,Richardson,M,1969-11-03,Lake Brendaside,4
26,Courtney,Rodriguez,M,1967-11-26,Amandamouth,38
27,Debra,Boyd,F,1984-09-04,Brianborough,14
28,Glenn,Watkins,M,1976-09-24,Smithchester,6
29,Zachary,Collier,F,1985-08-15,Vargasland,46
30,Joseph,Bryant,O,1984-06-24,Johnland,6
31,Leonard,Alvarado,O,1983-10-10,Port Randy,4
32,Victoria,Hill,M,2003-05-20,West James,27
33,Sean,Munoz,O,2002-10-28,Allisonport,5
34,Richard,Dominguez,O,1978-08-07,North Jennaberg,14
35,Patricia,Anderson,F,1984-05-27,South Brianport,31
36,Kristi,Price,F,2002-07-19,Matamouth,23
37,Mary,Davis,O,1979-05-04,Joshuafort,3
38,Zachary,Logan,M,1970-04-16,East Gregory,23
39,Melissa,Hunt,F,1972-06-21,Michelleton,37
40,Patrick,Taylor,M,1967-01-07,North Sheri,26
41,Eric,Campos,O,1989-11-27,South Sherryfurt,5
42,Jason,Moore,F,1990-10-09,Jamesbury,20
43,Nathan,Horne,F,1968-08-06,South Donnaborough,11
44,Betty,Evans,M,2004-12-03,Tylerburgh,35
45,Javier,Jacobs,M,1970-08-15,North Seanberg,41
46,Dana,Hansen,M,1996-08-22,Kennethshire,25
47,Sharon,Morgan,F,1966-02-12,West Ryan,29
48,David,Little,M,1992-03-25,East Charles,15
49,Jill,Santiago,O,2002-03-26,Smithville,44
50,Daniel,Gutierrez,M,2001-04-14,Collinsburgh,41
51,Joel,Sanchez,F,1989-07-12,Rachelton,36
52,Brittany,Bradford,F,1981-03-15,West Christinetown,26
53,Katherine,Huff,O,1973-07-10,South Jennastad,49
54,Jane,Estrada,F,1985-04-06,East Paulmouth,44
55,Christine,Spencer,F,1988-01-31,Hartmanburgh,6
56,Stephanie,Martinez,F,2003-02-26,New Abigail,11
57,Ryan,Martin,O,1990-05-12,Brownport,8
58,David,Curtis,F,2007-10-03,Jonesfort,35
59,Monica,Valdez,M,1976-05-13,Lake Kristin,43
60,Ryan,Cobb,M,1965-11-25,Garrettberg,38
61,Michael,Novak,F,1968-02-18,Port Jamie,37
62,Kevin,Mcknight,O,1983-03-23,South Joseph,7
63,Joanne,Ewing,M,1986-07-19,North Frederick,31
64,Stacy,Whitehead,O,1969-04-15,Nicholasport,43
65,Gregory,Hawkins,F,2002-03-18,Garyburgh,9
66,Kelly,Gomez,O,2005-09-17,West Samantha,28
67,Tonya,Mcclain,F,1984-07-13,Jonathanmouth,41
68,Stephanie,Lopez,F,1987-03-25,Port Frank,6
69,Pam,Jackson,M,1979-01-19,North Katherineview,11
70,Alison,Blevins,O,1977-07-12,Lake Meredithland,22
71,Walter,Cabrera,O,1982-11-07,Justinberg,12
72,Heather,Mcdonald,M,1971-09-20,Davidborough,39
73,Jacob,Brown,O,2005-03-26,Morrischester,40
74,Darlene,Robertson,M,1966-04-28,Hernandezshire,40
75,Julia,Aguirre,M,1981-01-24,Mooreside,22
76,Shawn,Cervantes,M,2007-09-07,Port Stacey,44
77,Annette,Mathis,F,1984-03-11,Cruzborough,35
78,Jason,Jones,O,1983-09-12,Thompsonstad,37
79,Margaret,Kelly,O,2005-08-17,North Sheriville,25
80,Anna,Henry,M,1975-10-01,Tamarashire,16
81,Jeffrey,Ramos,O,1978-06-24,Wellsfurt,35
82,Derrick,Hart,F,1972-02-08,West Ryan,34
83,Nicole,Jones,O,1985-08-08,North Troyfort,17
84,Maria,Ryan,O,2000-08-05,East Amandachester,18
85,Juan,Lindsey,F,1993-07-23,Diaztown,33
86,Matthew,Mclean,F,2003-11-06,Port Andrew,2
87,Jonathan,Watts,F,1982-10-13,Brianborough,49
88,Sarah,Johnson,M,1983-11-23,North Tomstad,7
89,Zachary,Williams,O,2007-11-17,Lake Joshua,4
90,Joseph,Cline,F,1992-05-28,Lake Kevinton,31
91,Roberto,Cruz,F,1997-03-09,Smithchester,34
92,Sarah,Pena,F,1998-11-03,Katrinaville,9
93,Ashley,Burns,M,2003-10-24,South Sheilaberg,27
94,Rebecca,Brady,M,1981-12-17,Cookborough,29
95,Charles,Evans,F,1990-06-13,New William,30
96,Amy,Smith,M,1997-03-11,Miguelstad,3
97,Ashley,Russell,O,1998-05-22,Lake Jay,17
98,Joanna,Carter,M,1981-08-30,Rubiohaven,20
99,Kimberly,Montgomery,M,2001-07-30,Deborahstad,24
100,Veronica,Smith,F,1968-12-20,New James,22
101,April,Arnold,F,2001-09-03,Port Karenbury,19
102,Jack,Dunn,F,1981-11-30,Elizabethfort,19
103,Jessica,Wood,O,2003-03-28,Lake Seanside,4
104,Jim,Smith,F,1992-05-26,Terriland,39
105,Erin,Johnson,O,1997-10-02,Lake Jose,45
106,Thomas,Palmer,F,2002-08-17,Scottchester,6
107,Kathleen,Barnett,F,1999-07-31,Matthewville,15
108,Lisa,Hardy,O,1966-12-04,West James,43
109,Matthew,Carr,M,1983-03-22,Lake Jacob,4
110,Clifford,Kline,F,1990-10-11,Rogerton,19
111,Crystal,Oconnor,F,1997-07-10,Wilsonstad,46
112,Larry,Robinson,M,2001-04-03,Michaelton,18
113,Anthony,Sanchez,F,1988-03-17,West Brittanyburgh,38
114,Margaret,Lucero,F,1978-05-03,Jamesstad,35
115,Rebecca,Rodriguez,M,1995-05-20,North Ambermouth,45
116,Linda,Sellers,F,1973-03-24,West Caitlinview,7
117,Thomas,Campbell,M,1996-01-18,West Jasonberg,8
118,Jesse,Watson,F,1981-09-08,New Daniel,30
119,Kenneth,Chang,F,2001-12-24,New Michael,35
120,Stephanie,Miller,O,1997-10-14,Cohenfort,46
121,Jodi,Rice,M,1999-02-11,Emilystad,26
122,Craig,Sosa,M,1972-08-23,Lake Maria,15
123,Tyler,Garcia,O,2005-11-11,Nancymouth,8
124,Pamela,Morales,M,1989-12-06,New Meganton,21
125,Michael,Shaffer,O,1993-12-17,Melissaville,27
126,Joseph,Montgomery,F,1971-03-19,East Jesusville,42
127,Carol,Reilly,M,1993-09-28,New Kirsten,42
128,Brandon,Lowery,F,1995-12-24,Waltonland,32
129,Wayne,Graham,M,1985-02-21,Jessicaville,20
130,Anthony,Atkins,M,1982-10-04,New Joyce,2
131,Laura,Hall,M,1980-05-13,Port Alexanderberg,13
132,Adam,Cochran,M,1965-08-11,Port Ian,37
133,Casey,Thomas,F,1996-12-11,East Williamberg,37
134,Miguel,Robinson,M,1987-09-02,Conleyborough,1
135,Brandy,Fields,M,1978-11-10,New Joel,27
136,Dustin,Martinez,O,1987-12-27,Clarkfort,37
137,Christopher,Kennedy,O,1974-01-13,New Donnaton,11
138,Curtis,Lowery,F,1966-05-23,East Richardbury,6
139,Anthony,Hunter,O,1979-07-23,East Julian,9
140,Brandy,Anderson,M,1994-04-19,South Joshuaton,42
141,Christopher,Miller,M,1972-08-05,Anthonyshire,42
142,Dominic,Ruiz,F,1988-08-21,Ashleyville,30
143,Stacy,Barnes,O,1976-11-10,Port Keith,5
144,Peggy,Martinez,O,1994-09-21,Hammondfurt,4
145,Angela,Howell,O,1986-12-03,Lake Adamside,3
146,Jason,Smith,M,1975-08-31,Elizabethfort,17
147,Douglas,Olson,F,1997-10-15,Lake Mariaton,32
148,Kimberly,Hopkins,F,1998-11-06,North Joannaside,15
149,Misty,Long,M,1990-08-09,Johnhaven,7
150,Cynthia,Williams,O,1977-12-06,Thomasside,29
151,James,Miller,M,1985-11-16,Sandrafort,21
152,Michael,Smith,M,1997-06-26,Elijahshire,23
153,Erin,Peterson,O,1982-10-21,New Charlesfort,49
154,Ryan,Pineda,F,1998-03-10,Heidiville,6
155,Joseph,Anderson,O,1968-08-03,New Donnaburgh,27
156,Kristin,Woods,O,1970-02-24,West Ericview,46
157,Walter,Crawford,O,1968-12-22,West Robertchester,31
158,Denise,Williams,O,1965-01-30,Port Tammy,16
159,Allison,Gregory,M,1998-08-10,South Teresa,42
160,Lisa,Martin,M,2006-08-08,Port Kathryn,7
161,Luis,Franklin,O,1982-07-11,East Jamestown,36
162,William,Combs,F,1983-10-03,South Jeffery,23
163,Melvin,Cummings,O,1981-12-03,Ericburgh,6
164,Kimberly,Thompson,O,1978-05-10,Lake Pennytown,37
165,Holly,Mcgrath,O,1981-12-16,New Cesar,41
166,Brooke,Sexton,F,1994-01-06,East Jonathanchester,43
167,James,Mcgee,F,1995-04-01,Lake Phillipbury,35
168,Angela,Velazquez,M,2007-03-11,South John,12
169,Amy,Myers,M,1981-04-10,Lake Jessica,38
170,Lisa,Foster,O,1975-01-21,North Maria,19
171,Daniel,Petersen,O,2004-07-24,Carolton,34
172,Erika,Maldonado,M,2000-11-30,Montesside,44
173,Stephen,Brown,O,1969-06-28,Lake Elizabethview,34
174,Steven,Thompson,M,1992-08-04,Martinezmouth,16
175,Kristy,Caldwell,M,1990-09-19,Cooperton,14
176,Jamie,Frost,M,1969-05-12,Jenkinsbury,8
177,Charles,Cannon,O,1996-05-05,Olsonville,10
178,Victor,Nguyen,F,1989-03-28,New Michaelside,7
179,Rita,Johnson,F,1993-09-09,Thomaschester,13
180,Gerald,Foster,M,2005-07-02,New Ashley,37
181,Erica,Richards,F,1966-10-13,Amandabury,41
182,Tanner,Johnson,O,1968-04-26,East Davidmouth,36
183,Stephanie,Graves,F,1965-04-20,Brandonland,41
184,Cory,Shannon,O,1988-06-19,Scottfort,41
185,Jorge,Morris,M,2005-08-23,Wolfebury,19
186,Sharon,Tucker,O,1982-09-18,South Kevin,24
187,Michael,Parker,M,1993-07-10,North Donaldtown,32
188,Robert,Tucker,M,1970-04-27,Deniseland,36
189,Mark,Brown,F,1993-02-18,Bushchester,6
190,Matthew,Gaines,F,1998-02-13,South Laurieton,43
191,Michael,Reed,O,1965-05-13,East Sarahshire,12
192,Jessica,Powell,M,1986-05-03,Eduardoton,24
193,Christopher,Long,F,1987-12-20,Port Isaacstad,27
194,Stephen,Clark,O,1978-04-30,New Jamesmouth,22
195,Kenneth,Miles,M,1965-05-18,East Josebury,9
196,Erika,Davidson,O,1966-06-09,West Valerieton,4
197,Tammy,Price,M,1978-06-08,North Hector,6
198,Thomas,Hanna,F,1984-10-04,South Nancymouth,46
199,Jennifer,Howard,O,1990-08-05,Kelseyville,31
200,Stephen,Houston,M,1995-04-01,Benjaminberg,14
201,Erica,Crosby,O,1992-10-29,Christinatown,29
202,Rita,Reilly,M,1970-12-10,Skinnerbury,40
203,Jill,Vazquez,O,2006-11-10,Port Dakotabury,34
204,James,Perez,F,1978-09-04,Douglasbury,13
205,Blake,Martinez,M,1978-06-22,Williamsville,19
206,Kyle,Daniels,O,1997-10-14,Sandraville,24
207,Derrick,Vargas,F,1996-07-05,Tuckerport,28
208,Deborah,Terry,O,1975-01-10,East Lindafurt,14
209,Kara,White,M,1972-02-19,Jacobhaven,49
210,Pamela,Byrd,F,2002-11-28,Blakefort,45
211,David,Forbes,F,1990-03-07,Lake Kristinahaven,24
212,David,Hunter,O,1986-02-10,Lake Laura,35
213,Nathan,Klein,M,1998-07-30,Swansonfurt,32
214,Edward,Jenkins,O,1999-10-08,North Juan,19
215,Danielle,Banks,M,1976-03-09,Lake Crystal,36
216,Paul,Daniels,O,1984-07-13,Russellville,44
217,Rebecca,Smith,F,1964-12-05,Lake Daniel,49
218,Dana,Thompson,M,1988-09-24,East Jennifermouth,2
219,Andrew,Carpenter,M,2002-01-27,Port Laurenchester,13
220,Aaron,Gonzales,M,1970-07-04,Brownshire,13
221,Adam,Adams,F,1985-11-24,Danielbury,36
222,Mark,Davies,F,1966-04-25,Port Alyssatown,18
223,Johnny,Williams,O,1981-11-23,Smithton,2
224,David,Diaz,M,1998-03-03,Lake Rebekah,2
225,Brandon,Underwood,O,2007-02-03,Davidborough,42
226,David,Smith,F,1968-07-29,Gordonhaven,6
227,Mary,Phelps,F,1973-12-28,Lisaton,40
228,Kyle,Snyder,F,1967-12-23,Flowersland,27
229,Anna,Smith,O,1988-02-18,Jessestad,14
230,Calvin,Watson,F,2001-08-17,Friedmanland,46
231,Christian,Watts,F,1970-09-21,Lake Kellyborough,5
232,Cindy,Mendez,M,1995-11-28,South Isaiahstad,2
233,Amber,Lee,O,1979-03-27,Phillipsburgh,22
234,John,Mullen,M,1981-08-04,New Cherylshire,1
235,Jacob,Martinez,O,1980-01-13,Ethanhaven,4
236,Lori,Davis,O,1986-11-27,Curtisport,39
237,Kimberly,Grant,M,1970-03-07,Cunninghamhaven,21
238,Nicholas,Lewis,M,1999-05-22,Gainesbury,41
239,Thomas,Bowman,M,2005-10-17,Stevenmouth,13
240,Alicia,Thomas,M,1982-07-25,Jonesmouth,47
241,Mark,Miller,O,1988-06-24,Port Charles,26
242,Cynthia,Smith,O,1987-08-30,South John,27
243,Dale,Ford,M,1989-01-26,East Joyce,24
244,Julia,Thompson,F,1973-12-22,Scottview,15
245,Scott,Kennedy,O,1972-08-29,East Christopher,22
246,Heather,Hoffman,M,1966-08-28,East Christopher,2
247,Francis,Torres,F,2001-05-02,Lake Valerie,24
248,Terri,Friedman,M,1998-08-09,Scottland,5
249,Mary,Barnett,F,1989-07-21,Frederickshire,47
250,Eric,Wolfe,O,1998-07-31,Williamsonburgh,31
251,Laura,Williams,F,1993-11-11,Lake Nicholasstad,30
252,Kathleen,Wilson,O,2000-04-01,Matthewfort,22
253,Danielle,Lee,M,1992-07-28,Wheelerberg,19
254,Lori,Henry,O,1971-10-08,East Ashley,8
255,Brianna,Robinson,F,1990-03-06,North Jack,6
256,Gabriel,Sweeney,F,1993-05-07,Yoderport,28
257,Derrick,Hudson,M,1969-04-30,North Sarah,33
258,Sherry,Davis,F,1988-05-15,Beckymouth,16
259,Jennifer,Greene,M,1971-01-29,Hendricksville,39
260,Michael,Singh,M,1973-11-08,West Paul,18
261,Kristen,Brown,O,1975-05-20,South Leahside,26
262,Kristina,Washington,M,1974-06-16,North Samanthatown,30
263,Mark,Richards,O,2001-03-26,New Sierra,38
264,Jamie,Frost,F,1985-03-08,West Jonathanland,6
265,Michael,Brown,F,1997-07-06,Nataliestad,5
266,Adam,Simpson,M,2000-01-30,Port Frank,15
267,Michael,Larson,O,1972-12-21,Dominguezton,27
268,Diana,Gutierrez,O,1996-01-13,Port Melissaport,1
269,Brandi,Glenn,O,1975-03-12,Ryanmouth,2
270,Randall,Henderson,M,1971-05-06,New Christina,37
271,Yvette,Stanley,F,1993-03-05,Lake Brenda,42
272,Jodi,Daugherty,F,1990-02-19,New Julieview,20
273,Andrew,Thomas,F,1992-12-04,New Heatherbury,47
274,Zachary,Butler,F,2003-02-20,East Christopher,11
275,Susan,Martinez,O,1973-06-18,Scottmouth,1
276,Ryan,Wang,M,1994-08-25,New Donnahaven,6
277,Eric,Thompson,F,1998-12-28,North Reginaberg,48
278,Karl,Guzman,F,1965-11-22,Greenmouth,23
279,Kevin,Carr,F,1965-07-31,Lake Jonathan,48
280,Jonathan,Murphy,M,1975-02-08,Brandyhaven,19
281,Kathryn,Bradley,O,1995-04-17,North Bradley,31
282,Melanie,Harding,F,2006-11-06,Josephberg,42
283,Chad,Lyons,O,1971-11-23,South Jonathan,7
284,Jessica,Lowe,O,1966-02-04,Moralesland,2
285,Lauren,Sanford,O,1987-09-06,South Jonathanville,40
286,Brittney,Christensen,O,2006-08-08,North Daniel,22
287,Charles,Hess,F,1985-12-28,South Sabrina,13
288,Jason,Morrow,O,1969-08-22,Lawsonmouth,43
289,Timothy,Horton,O,1986-12-21,Donnaberg,48
290,Karen,Fuller,M,2001-01-01,Lake Ryanmouth,39
291,Lori,Vazquez,F,1985-12-05,Clementsborough,49
292,Crystal,Miller,O,1981-03-24,Port Clayton,26
293,Christopher,Jarvis,O,1969-05-19,Lake Rebecca,13
294,Cynthia,Dixon,O,1984-01-01,East Bryan,41
295,Elizabeth,Gonzales,F,1984-09-02,Lake Jasonberg,44
296,Laura,Green,M,2005-11-08,Randyberg,1
297,Heather,Contreras,M,1987-11-29,West Travisborough,41
298,Adam,Palmer,O,1966-02-10,Davisfort,15
299,Laura,Jones,M,1969-10-28,Port Travisview,39
300,Ryan,Baker,O,1978-03-27,Robertston,8
301,Hannah,Burns,O,1996-08-01,West James,4
302,Mackenzie,Olson,O,1999-08-01,Vargasfurt,46
303,William,Moore,M,1977-06-09,Christopherview,37
304,David,Carlson,F,2004-01-30,New Tyronefurt,5
305,Paul,Martinez,F,2002-05-26,Danielview,16
306,Michael,Willis,M,1991-09-12,Port Teresa,17
307,Eric,Gould,M,1978-03-03,Hoffmanbury,15
308,John,Anderson,M,1975-04-28,South Emilyfort,32
309,Jack,Davis,O,2003-01-10,Cobbmouth,44
310,Charles,Nelson,F,2000-09-23,Lake Julie,26
311,Kaitlyn,Howard,O,1971-11-22,North Sarah,33
312,Lori,Baker,O,1997-07-04,Nguyenport,28
313,Shawn,Tucker,M,2000-05-18,West Matthew,26
314,Ellen,Young,F,1993-03-24,New Angelicaton,18
315,Peter,Jones,F,1968-12-01,Sarahborough,20
316,Caroline,Webb,O,1979-06-01,North Melissa,18
317,Jennifer,Dawson,M,1986-05-18,West James,5
318,Jillian,Watts,M,1996-05-14,Henryhaven,37
319,Thomas,Patrick,O,1985-02-12,Cindymouth,19
320,Melissa,Thomas,F,1971-01-05,North Kathleen,46
321,Susan,Hernandez,O,1983-10-02,East Christine,38
322,James,Escobar,F,1983-02-16,Kochhaven,15
323,Shannon,Brooks,M,1971-03-26,North Colleenton,5
324,Christian,Lawson,M,1997-01-31,Lake Caitlin,14
325,Timothy,Miller,F,1992-12-31,Sandovalfort,4
326,Ryan,Anderson,F,2006-06-01,Bridgetburgh,19
327,Marcus,Conley,O,1974-03-25,Justinbury,44
328,Kevin,Barrera,M,2006-11-24,West Matthewfurt,5
329,Joseph,Allison,M,1971-11-22,East Debra,15
330,Carrie,Arnold,O,1966-03-20,East Zacharyville,9
331,Charles,Brooks,F,2001-10-28,New Carriehaven,41
332,Kimberly,Hurst,O,1994-06-10,West Joseph,15
333,Sara,Stevens,O,2005-11-23,East Denise,12
334,Robert,Walton,O,1993-06-16,Riceville,4
335,Angela,Hogan,O,1994-05-13,West Cheryl,6
336,Jasmine,Moore,M,1990-07-13,West John,41
337,Cynthia,Cabrera,F,1992-11-08,South Sandrastad,20
338,William,Thompson,F,1987-08-25,East Andrew,6
339,Sharon,Ellis,M,2000-08-20,Perezberg,41
340,Gregory,White,O,1995-12-30,Dawnmouth,35
341,Jonathan,Mills,M,1965-09-11,Port Derek,17
342,Zachary,Hernandez,F,2003-12-21,Meyersstad,40
343,Amanda,Lee,M,1973-08-06,Port Josephstad,20
344,Crystal,Brown,F,1992-02-11,Bryanburgh,9
345,Kristina,Myers,O,1992-09-02,Camposmouth,18
346,Deanna,Gonzalez,M,1968-04-19,Port Emily,18
347,Jeremiah,Oconnor,O,1985-12-12,Houstonview,23
348,Jessica,Dixon,O,1974-06-17,Cunninghamfurt,1
349,James,Medina,F,1975-09-21,Garciaburgh,23
350,Stephanie,Fischer,M,1999-02-17,Port Emilytown,39
351,Heather,Day,O,1990-05-16,Georgeview,17
352,Sarah,Galvan,O,1973-08-12,Myersmouth,7
353,Brooke,Wallace,F,2004-06-08,Lloydfort,20
354,Ashley,Kirk,M,1967-09-27,New Michaelmouth,10
355,Mark,Mcdonald,M,2004-06-22,East Nathaniel,29
356,Susan,Chambers,O,1977-05-23,Loweryside,10
357,Valerie,Farley,O,1970-02-02,Douglasside,23
358,Jacqueline,Silva,O,1989-01-05,Austinview,20
359,Michael,Krueger,O,1998-07-31,Jonathanmouth,40
360,Michael,Schneider,M,1996-03-31,New Jenniferport,35
361,Michelle,Johnson,O,2005-02-18,Port Sethville,16
362,Shannon,Mcknight,O,1991-04-30,Christopherport,43
363,James,Adkins,M,1990-07-30,West Donnaville,18
364,Karen,Golden,O,1974-10-19,Stanleyshire,1
365,Alison,Reynolds,F,1998-10-10,Port Rachelport,5
366,Zachary,Romero,F,1987-08-31,Lake Anna,40
367,Benjamin,Norton,O,1993-05-12,Lake Jonathan,6
368,Maria,Dyer,M,1972-07-15,Jacksonhaven,41
369,Timothy,Manning,F,1972-01-31,West Whitney,13
370,Megan,Henderson,O,1997-11-02,Whiteview,22
371,Thomas,Smith,F,2005-01-14,Walkerborough,8
372,Renee,Torres,F,2006-05-07,Lake Jennifer,35
373,Brian,Nelson,F,1998-12-08,Evansburgh,15
374,Andrew,Molina,O,2006-04-28,East Justinstad,40
375,Andrea,Scott,M,1986-02-09,Carlmouth,7
376,Tracey,Young,O,1969-04-04,East Richardside,7
377,Matthew,Blake,F,2005-03-02,East Kimberlybury,7
378,Patricia,Davis,O,1996-05-11,Marksville,15
379,Donna,Vasquez,O,1972-12-07,New Laura,45
380,Caroline,Jenkins,M,1972-03-12,Owensstad,8
381,Ronald,Skinner,F,1989-08-24,Andersonport,9
382,Heather,Sherman,F,1993-09-26,New Kathyside,14
383,Aaron,Hull,O,1972-11-12,Warrenstad,2
384,Walter,Robinson,F,1991-02-17,New David,28
385,James,Harding,O,1974-10-05,East Sean,19
386,Kevin,Miller,O,2004-10-30,Matthewborough,33
387,Deanna,Mitchell,O,1975-10-28,Catherineberg,22
388,Cynthia,Browning,M,1981-08-31,North Ryanstad,31
389,Sarah,Obrien,O,1991-10-10,Hudsonville,35
390,Holly,Rogers,M,1970-03-31,Lake Michellestad,42
391,Marissa,Carter,O,1997-03-22,East Emilyhaven,36
392,Pamela,Morris,F,1986-09-03,West Georgestad,24
393,Nicholas,Wang,F,2003-08-25,Kaylashire,21
394,Richard,Smith,M,2002-10-29,South David,17
395,Sarah,Terry,F,1966-10-18,Johnsonland,2
396,Amy,Bautista,O,1990-03-04,Dianafort,31
397,Kim,Barton,F,1971-02-06,Lake Amybury,25
398,Nathan,Castillo,O,1974-06-29,Doyleton,47
399,Amy,Jennings,M,1973-01-03,Shermanberg,37
400,Kelsey,Proctor,O,1996-11-18,South Robertmouth,25
401,Natasha,Crawford,F,1982-11-21,New Phyllis,25
402,John,Dixon,M,1993-10-01,Port Jessica,20
403,Jeffrey,Zuniga,M,1998-03-31,North Geraldborough,9
404,Jennifer,Jarvis,M,1997-03-31,East Monica,2
405,Danielle,Gardner,F,1976-11-21,Hernandezburgh,26
406,Jonathan,Cole,O,1968-03-27,Lake Scott,27
407,Charles,Anderson,F,1980-12-21,New Lori,17
408,Gregory,Owen,F,1965-07-25,Matthewport,16
409,Margaret,Perry,M,1978-09-07,North Melissashire,38
410,Jack,Davis,F,1990-03-18,South Deborahshire,39
411,Jacob,Wise,M,2005-08-03,Dustinfort,22
412,Andrew,Schaefer,F,1982-08-10,Lake Jennifer,8
413,John,Cantrell,F,1990-01-10,Stephenbury,46
414,Melissa,Mcgee,O,1970-12-13,Lanemouth,3
415,Kathryn,Johnson,F,1984-01-22,West Shelbyfort,48
416,Frederick,Watts,M,2004-11-23,Port Barry,37
417,Ann,Thomas,O,1990-07-25,Fosterstad,44
418,Christine,Lawson,F,1997-04-13,Kingshire,2
419,Samantha,Mullen,M,1990-04-27,West Heather,42
420,Alexa,James,M,2000-05-02,East Tracyborough,12
421,Daniel,Hensley,O,1966-05-24,Victoriafort,21
422,Kim,Jennings,M,2007-07-20,Port Emily,7
423,Melissa,Williams,M,1966-09-22,Jamiefurt,40
424,Heather,Hogan,F,1969-06-27,Danielleport,45
425,Brittany,Gomez,O,1995-03-03,Evansmouth,11
426,Mitchell,Powell,F,1972-08-18,Thomastown,13
427,Christine,Williams,F,1989-06-25,East Katie,46
428,Michael,Bennett,F,1967-02-28,South Rebecca,45
429,Jeremy,Bright,M,1973-09-10,Port Dawn,7
430,Michelle,Garner,M,2000-02-18,Amyfort,48
431,Robert,Garcia,O,1990-06-11,South Ernest,19
432,Jessica,Dickerson,M,1994-10-19,Caitlinport,48
433,Monica,Baxter,M,1967-11-27,East Megan,20
434,Christina,Velazquez,M,1982-01-10,Popeshire,1
435,Michael,Anderson,F,2000-02-26,New Jillianfort,26
436,Stacey,Molina,M,1981-07-17,East Robertfurt,2
437,Jennifer,Harris,M,1980-10-08,North Leah,42
438,Phillip,Mills,M,1980-03-15,Hutchinsonland,42
439,Kathleen,Murphy,O,1970-01-02,New Austinville,25
440,Kevin,Lyons,M,2000-03-24,Fullerside,36
441,David,Wright,M,1978-11-14,Silvaborough,41
442,Benjamin,Taylor,M,1999-07-13,Powellfurt,47
443,Amber,Johnson,F,2001-08-26,Port Jasonmouth,49
444,Pamela,Parker,F,2006-03-11,Lake Jamesville,44
445,Amanda,Patterson,F,1978-11-20,Joseberg,24
446,Erik,Hood,O,1999-09-01,Chungshire,18
447,Alyssa,Thompson,F,1991-06-22,Kellymouth,11
448,Kimberly,Paul,F,1995-08-08,Holmesstad,36
449,Heather,Coffey,M,1999-02-11,South Amber,40
450,John,Fitzgerald,O,1968-04-03,Melissabury,49
451,Denise,Patterson,M,1997-01-20,East Natalie,2
452,Anna,Mendoza,F,1997-03-07,Lake Robertborough,19
453,Erin,Williams,F,1971-01-26,Williamston,27
454,Walter,Ramos,F,1983-05-23,Briannashire,13
455,Rebecca,Rose,O,1993-11-30,Lake Robertport,14
456,Thomas,Martin,O,1979-03-31,Lake Jonathanville,31
457,Jorge,Lawrence,F,1972-01-07,Piercechester,48
458,Mark,Wilson,F,2006-01-21,Elizabethberg,5
459,Richard,Holloway,F,1971-05-05,North Sheilaport,10
460,Mark,Reynolds,F,1974-08-16,West Michaelchester,37
461,Patricia,Haley,O,1979-09-05,Gordonshire,27
462,Brandon,Lawson,M,1974-08-21,West Kennethmouth,18
463,Joshua,Baker,F,1976-02-11,Port Cynthia,7
464,Ralph,Frederick,F,1972-07-24,North Ambershire,46
465,Caitlin,Salazar,F,2003-07-16,East Carolbury,33
466,John,Barton,M,1997-12-10,Martinezbury,15
467,Jeffrey,Reynolds,O,2007-02-26,Christensenton,17
468,Brian,Clark,M,1988-07-11,Barrtown,47
469,Peter,Martinez,F,1995-04-15,South Molly,3
470,Joshua,Lewis,F,1991-07-07,Allenside,26
471,Aaron,Williams,M,1965-10-02,North Theresa,32
472,Tracy,Miller,O,2002-09-30,Jamesland,32
473,Kevin,Sandoval,M,1978-07-02,Moralesport,44
474,Christopher,Johnson,F,1985-04-10,East Richard,45
475,Kendra,Smith,O,1970-07-06,Port Lori,15
476,Ann,Ramos,O,1974-06-01,Jacksontown,27
477,Alexandra,Tucker,M,1986-02-01,East Colleenfort,47
478,Dalton,Hernandez,F,1970-09-20,Johnsonmouth,21
479,Michele,Walker,F,1965-06-16,Lake Barrybury,10
480,Diana,Cook,M,1971-04-29,Jenniferside,17
481,Brian,Brennan,O,1992-11-05,East Joseph,28
482,Kelly,Scott,F,2000-04-15,West Gregoryfurt,5
483,Charles,Peterson,F,2000-03-09,Trujillomouth,42
484,Tracy,Reyes,O,1984-04-09,Sandersfort,43
485,Brianna,Powell,O,1999-03-13,Perrytown,7
486,Brian,Lee,O,1995-12-12,Schwartzfort,16
487,James,Mclean,M,1984-01-09,Ashleybury,2
488,Emma,Anthony,O,1979-05-30,West Erika,41
489,Stephanie,Tyler,F,1989-08-16,Karenburgh,34
490,William,Williams,M,2007-02-26,West Lorihaven,45
491,James,Taylor,O,1993-02-13,Jeremiahshire,35
492,Tracey,Hart,O,1999-08-18,Port Reneefurt,21
493,Maxwell,Carter,M,1975-10-20,Lake Kristenstad,36
494,Nicole,Morgan,F,2007-04-07,Christopherfort,44
495,Krystal,Thomas,F,1988-07-31,Andersonview,5
496,Jennifer,Chan,F,1983-09-03,Fisherhaven,1
497,Cristina,Foster,M,2007-09-05,Taylorstad,23
498,Nicole,Long,O,1971-04-13,Pamelafurt,3
499,Michael,Barnett,O,1989-12-01,West Danielview,45
500,Sydney,Thomas,M,2007-05-16,North Donald,18
501,Jordan,Robinson,M,1997-03-16,Jacksonchester,14
502,Paula,Duran,M,1978-05-24,Christopherton,26
503,Troy,Salazar,M,1983-05-29,Pearsonberg,31
504,Craig,Miller,M,2000-10-23,Lake Ronald,22
505,Martha,Johnson,O,2002-03-02,Port Nancy,23
506,Matthew,Salinas,M,1994-02-03,North Brandon,35
507,Ashley,Harrison,M,1973-09-09,Port Saramouth,49
508,Elizabeth,Holmes,F,2000-04-26,East Adamborough,43
509,Nicole,Nelson,O,1984-02-15,Susanhaven,49
510,Eric,Jensen,O,1985-10-23,Port Seth,37
511,Richard,Hudson,M,1965-11-07,Watsonshire,4
512,Jennifer,Williams,O,2002-12-09,South Carlaburgh,18
513,Nicholas,Horne,M,1989-07-21,West Robert,15
514,Michael,Olsen,M,1970-06-05,Williamschester,34
515,Jill,Hunt,M,1994-05-24,Simpsonchester,18
516,Rachel,Watson,O,1968-02-26,Alexanderbury,6
517,Kyle,Anderson,O,1966-01-01,Rayburgh,7
518,Stephanie,Oneill,O,1974-07-22,East Michael,41
519,Jacqueline,Blackwell,M,1995-05-03,Port Angela,26
520,Rebecca,Larson,M,1979-11-05,East James,5
521,Shaun,Griffin,M,1985-08-10,Danielland,25
522,Angela,Baldwin,M,1998-07-17,South Josephstad,13
523,Michael,Mcdaniel,M,2006-12-03,East Anna,6
524,Karen,Riley,M,1990-02-12,Dominguezfort,46
525,Robert,Cole,F,1966-10-07,Braychester,9
526,Anthony,Young,M,2002-11-15,Connortown,1
527,Nicholas,Hill,M,1990-04-18,West Charles,30
528,Terri,Campbell,O,2002-09-30,Edwardchester,25
529,Michael,Brown,O,1970-03-23,Anthonymouth,39
530,Lori,Romero,F,1987-11-10,Simmonsshire,33
531,Tammie,Mosley,M,1971-11-13,Peggyland,11
532,Jose,Brown,O,1970-04-16,Lucasberg,33
533,Andrew,Miller,F,1965-05-03,Port Mark,42
534,Eric,Berger,M,1981-02-17,North Christopher,43
535,Phillip,Marshall,M,2006-08-25,South Michael,39
536,Jeffrey,Adams,F,1971-03-24,Fredstad,20
537,Nicholas,Hall,F,1986-01-25,Ryanmouth,29
538,Susan,Chavez,O,2004-06-07,Port Kaitlin,41
539,Samuel,Pierce,M,1989-09-22,Saraside,29
540,Darryl,Reed,O,1979-04-07,Evansville,35
541,Lisa,Kennedy,M,1987-01-06,West Pamelaville,23
542,Christine,Lucas,O,1977-03-28,Meyerstad,26
543,Joshua,Wheeler,F,1978-03-26,West Edwardburgh,40
544,Vanessa,Poole,F,1972-11-19,Boltonfurt,48
545,Benjamin,George,O,1984-12-31,Randyberg,25
546,Bridget,Bartlett,O,2003-07-18,West Jenniferfort,1
547,Rachel,Ramos,O,2006-04-24,South Andrew,6
548,Christopher,Pierce,F,1997-06-07,West Erika,41
549,Stephen,Burns,F,1983-09-27,East Shannonland,31
550,Philip,Harrison,O,1997-06-07,Wilsonhaven,2
551,Jeffrey,Brady,F,2007-02-12,Rodriguezview,13
552,Lisa,Miller,F,1978-08-02,West Jonathanside,33
553,Joshua,Gordon,O,1999-07-26,North James,40
554,Charles,Woods,F,2000-09-04,Weberburgh,2
555,Elizabeth,Brady,F,1987-05-05,Melaniefurt,48
556,Thomas,Long,O,1978-11-15,Port Melissa,42
557,Mary,Edwards,F,1968-03-11,Soliston,44
558,Richard,Alexander,O,1993-02-28,West Charles,38
559,Diane,Tapia,O,1980-02-18,New Davidville,2
560,Michael,Frank,M,1999-11-30,Port Rebecca,41
561,Charles,Reed,F,1972-05-06,Ramirezborough,43
562,Jasmine,Beltran,F,1984-09-26,Yvetteshire,23
563,Destiny,Jackson,O,1981-07-06,Mitchellberg,26
564,Heather,Adams,O,1994-11-24,Davidstad,39
565,Robert,Espinoza,F,1973-11-04,East Sara,4
566,Michael,Gallegos,M,2000-02-01,Myersview,36
567,Kenneth,Townsend,M,1977-10-02,Robertmouth,10
568,Thomas,Chen,F,1984-04-25,South Donaldtown,36
569,Mary,Foster,M,1984-07-28,Samuelfort,38
570,Pamela,Jackson,M,1992-10-14,Tonyamouth,13
571,Sheila,Davis,F,2003-06-27,Kaufmantown,44
572,John,Norton,M,1973-07-03,Benjaminfurt,9
573,Robert,Carter,F,1967-10-04,North Kylechester,45
574,Maria,Galvan,M,1970-10-31,New Jonathanville,20
575,Melissa,Long,M,2003-02-23,Davidfort,29
576,Alicia,Parker,O,1966-08-03,Barronside,47
577,Hannah,Watson,F,2001-12-06,West Leestad,4
578,Kenneth,Patel,M,1976-07-28,Rebekahville,43
579,Daniel,Morales,O,1967-01-28,Port Corey,7
580,Anthony,Scott,M,2007-11-14,Bauermouth,9
581,Carlos,Rodriguez,O,1988-06-15,New Jessica,46
582,Victoria,Oneill,F,1965-05-21,Meghanhaven,8
583,Natalie,Decker,O,1965-10-19,Lake Chad,36
584,Rodney,Salazar,M,2004-10-24,New Justinmouth,22
585,Joseph,Ryan,F,1981-07-04,New Kristy,5
586,Matthew,Henry,O,1994-08-18,Maryshire,42
587,Brianna,Porter,O,1991-06-15,South Andrea,19
588,Tracy,Stephens,M,1999-04-28,South Joshua,21
589,Joshua,Reyes,O,2004-12-03,North Jason,34
590,Brian,Walsh,F,1984-06-12,Johnsonmouth,22
591,Jonathan,Rojas,F,1983-02-27,Port Amberton,8
592,Margaret,Allen,F,2000-01-01,West Nicole,34
593,Steven,Ford,F,1997-02-03,Prattmouth,6
594,Michael,Harrell,M,1991-06-06,New Melissafurt,37
595,John,James,F,1971-11-09,New Jonathan,46
596,Paula,Mccoy,F,2000-01-27,Edwardland,32
597,Olivia,Smith,M,1971-09-11,Evansmouth,11
598,John,Williams,F,1988-07-07,West John,44
599,James,Morris,F,1979-04-15,Port Kevin,38
600,Brandon,Franklin,M,1987-10-15,Jacksontown,1
601,Kristen,Maxwell,F,1973-09-25,East Alex,20
602,Austin,Clark,O,1986-03-23,New Williammouth,34
603,Andrew,Morrison,M,2006-02-25,Jeanneview,16
604,Ryan,Smith,F,1996-08-16,Hayesside,37
605,Michael,Jones,O,2002-05-09,Beckerview,41
606,Jonathan,Bryant,O,1991-10-08,Hollowayfort,38
607,Nicholas,Huff,O,2005-03-01,Stephenston,49
608,Randall,Davis,M,2006-08-17,Sanchezchester,10
609,Kimberly,Harper,F,1971-02-09,Dixonmouth,21
610,Elizabeth,Kane,M,1968-06-26,Lake Joelfurt,47
611,Marvin,Byrd,O,1970-01-15,Johnton,24
612,Sheri,Trevino,F,1987-06-23,West John,42
613,Gabriel,Schwartz,F,1998-10-17,Thompsonborough,49
614,Devin,Anderson,F,1998-01-07,Marthastad,6
615,Christopher,Harvey,O,1997-09-19,West Leetown,35
616,Ryan,Vasquez,O,1982-07-14,Jeffreyville,24
617,Matthew,Collins,M,1972-03-23,New Alexborough,17
618,Teresa,Fowler,F,1973-10-06,Lake Paulfurt,10
619,Julie,Frazier,M,1988-06-19,Lamberttown,7
620,John,Pace,F,1983-11-19,Jesushaven,27
621,Rebecca,Carson,M,1970-01-28,Lake Lawrencechester,20
622,Jennifer,Bradley,O,1993-03-31,North Carlos,7
623,Lauren,Clark,F,1981-04-19,New Alexisport,40
624,Tyler,Stanton,F,1975-10-12,Port Jonathanfort,34
625,Annette,Mcintyre,M,1996-10-09,Alexanderside,2
626,Nicole,Porter,M,2004-08-01,Anneburgh,12
627,Melissa,Trevino,M,1973-10-02,East Cameron,31
628,Jasmine,Rodriguez,M,1988-11-10,South Lesliemouth,16
629,Zachary,Smith,M,2005-01-22,Matthewborough,12
630,Tanner,Moody,O,1991-09-23,Bradchester,39
631,Samuel,Rodriguez,F,1977-09-24,Jasonmouth,26
632,Debbie,Farrell,O,1970-05-08,South Erictown,24
633,Ryan,Jensen,M,2000-02-21,Port Barbarastad,10
634,David,Clark,O,1979-04-09,North Janet,11
635,Timothy,Garrett,O,1999-12-30,Gilmorechester,41
636,Anthony,Gross,M,1980-01-11,Meganton,41
637,Megan,Dillon,O,1972-06-21,Weaverview,23
638,Andrea,Allen,M,1980-10-02,West Michael,27
639,Alyssa,Davis,O,1968-03-27,New Wendybury,43
640,William,Park,M,1980-07-03,Hayesstad,16
641,Mark,Gonzalez,F,2007-09-20,Davidberg,10
642,Carlos,Wilson,O,1992-04-21,Davidmouth,39
643,Heidi,Howe,M,2001-09-21,East Jasmine,38
644,Alicia,Sellers,M,2003-04-27,Craneland,37
645,Stephanie,Torres,O,1973-09-17,Wilsonport,30
646,Benjamin,Garza,O,2001-04-15,Lake Christinaberg,39
647,Jeff,Wright,F,1973-06-13,New Andresfurt,46
648,Emily,Leach,O,1980-04-10,Jenniferport,40
649,Megan,Garcia,F,2001-11-03,South Oliviaview,36
650,Brian,Whitehead,O,1985-06-26,Ginaside,7
651,Sylvia,Robinson,O,1988-04-08,Lawsonborough,48
652,Shawn,Hill,F,1992-01-05,Billyville,48
653,Rachel,Gill,F,1990-05-15,Russoton,35
654,Krista,Howard,M,2002-09-03,Lake Debbie,24
655,Gary,Cruz,F,1994-03-21,East Tyler,26
656,Jeffery,Reed,O,1990-05-01,South Ronald,1
657,Andrea,Logan,M,1978-11-04,Port Richardhaven,36
658,John,Faulkner,M,1991-03-15,Andrewbury,2
659,Christopher,Smith,F,1989-02-28,Garciafort,9
660,Anthony,Moore,M,1971-04-07,South Annborough,49
661,Julia,Diaz,M,1998-11-26,Lake Ashley,1
662,Jeffrey,Atkins,O,1975-02-23,Lucasland,12
663,Joseph,Torres,M,1986-11-01,East Carol,46
664,Tiffany,Hobbs,M,1990-03-31,Gallowaymouth,8
665,Bradley,Mahoney,F,2003-02-28,Sarahport,4
666,Taylor,Hudson,M,2006-06-10,Haynesmouth,4
667,Michael,Smith,M,1982-03-18,Port Gregoryhaven,13
668,Karen,Austin,M,2004-02-29,Fergusonview,6
669,Karen,Jones,F,1965-05-13,Port Charlesville,7
670,John,Adams,M,1994-06-20,Petersstad,13
671,Alexander,Williams,O,1974-11-19,South Sharonberg,4
672,Karen,Tran,O,1996-09-13,Perkinstown,46
673,Zachary,French,M,1984-12-09,Danaland,3
674,Christine,Mcdonald,F,1981-04-06,South Sandraberg,47
675,Jesus,Lewis,M,1999-01-15,Ballton,4
676,Jeffery,Glover,F,2003-08-18,Port Caleb,23
677,Andrew,Zavala,M,1991-09-17,Kevinfurt,16
678,Paige,Gonzalez,O,1996-08-08,North Elizabethside,39
679,Veronica,Frazier,M,2000-12-29,West Davidfort,4
680,Amanda,Mcdonald,F,1970-10-27,Harrischester,15
681,Jason,Nelson,F,1976-08-02,Ginaton,6
682,Julia,Anderson,O,1987-02-04,Mcdonaldburgh,1
683,Lisa,Morris,O,2005-09-21,West Denise,2
684,Darin,Zimmerman,F,1994-12-29,Sharonbury,13
685,Joshua,Green,F,1989-04-16,Port Marciafurt,42
686,Casey,Boyd,F,2000-07-24,Port Jacobmouth,9
687,Olivia,Parsons,O,1996-02-01,Mikebury,27
688,Ryan,Davis,M,1972-09-12,Danielville,29
689,Kathleen,Curry,O,1973-07-16,West Susan,45
690,Zachary,Young,F,1979-03-04,East Tara,14
691,Sheila,Sheppard,O,1989-08-06,Gonzalezland,39
692,Joanna,Henry,O,1994-11-11,Hernandezton,18
693,Dustin,Price,O,1983-05-21,New Sarah,15
694,Jennifer,Roberts,O,2007-11-27,Christyville,46
695,Richard,Bush,M,1974-06-21,South Kristinview,44
696,Cheryl,Kim,O,1991-02-17,Smithport,8
697,Jeremy,Garcia,F,2004-11-28,West Jennifer,41
698,Christopher,Carr,O,1983-02-13,Lake Krista,22
699,Jessica,Garcia,F,1980-12-14,Mariaberg,43
700,David,Bailey,O,1988-08-05,Paigebury,13
701,Phillip,Brown,M,1986-03-26,Shannonbury,24
702,Paige,Franklin,F,1985-09-19,Kennedyport,46
703,George,Smith,O,2000-01-25,Port Jason,21
704,Jordan,Walton,M,1986-04-29,Paulport,32
705,Rachel,Marshall,M,2000-07-12,Port Christopher,7
706,Heather,Carter,O,1977-03-22,Mathewsville,7
707,Jessica,Davis,M,1970-05-26,Lake Rebeccahaven,34
708,Gary,Klein,F,1997-02-26,Sarastad,41
709,Jessica,Cole,M,2005-09-17,North Timothy,37
710,Joseph,Watson,M,1991-07-07,South Bethside,28
711,Zachary,Valentine,O,2001-11-06,Harrisonmouth,46
712,Amy,Rivera,F,2003-08-10,East Davidborough,32
713,John,Anderson,O,1997-04-09,East Lisa,12
714,Andrea,Hansen,M,1998-12-11,North Heidiside,16
715,Jennifer,Pruitt,M,1985-03-10,Dennisborough,48
716,Susan,Tucker,F,1980-04-15,South Susan,33
717,Rachel,Smith,F,1987-11-16,North Darin,23
718,Melanie,Hamilton,M,1970-01-28,Christineshire,39
719,William,Fuller,O,1975-10-16,North Josephview,23
720,John,Morales,F,1967-08-22,East Christopherport,12
721,Peter,Miller,O,1978-04-13,Dylanborough,48
722,Timothy,Brown,F,1993-07-29,Melaniehaven,23
723,Brian,Pierce,F,1999-11-05,Robersonburgh,24
724,Robert,Braun,O,1994-10-23,West Dakotabury,15
725,Michelle,Harding,F,1967-04-17,Lucashaven,35
726,Melissa,Richardson,O,1984-07-15,South Amandastad,46
727,James,Miller,O,1989-12-11,West Samanthaport,44
728,Jason,Adams,M,1975-07-13,Jonathanport,49
729,Alan,Anderson,O,1980-04-06,Heatherbury,25
730,Tamara,Lynn,F,1968-09-04,Lake Jason,14
731,Nicole,Carter,O,1990-09-11,New Jeffreyborough,40
732,Teresa,Harris,F,2005-01-02,Port Alexander,23
733,Shane,Taylor,F,1985-11-19,Landrymouth,16
734,Sherri,Cooke,M,2007-04-02,Lake Jenniferbury,14
735,Dana,Page,O,2004-07-27,Michaelmouth,14
736,Jason,Salinas,F,1990-09-17,Andrewtown,46
737,Jamie,Johnson,M,1994-04-08,North Brittany,12
738,Kelsey,Jenkins,M,1977-10-01,Melissaview,12
739,Carolyn,Jackson,M,2004-08-12,Lake Taraview,17
740,William,Ingram,M,1967-09-03,Port Eric,34
741,Nicole,West,O,1984-04-11,New Brianshire,10
742,Pamela,Thompson,O,2003-06-30,Jasonmouth,48
743,Scott,Flores,F,1968-10-11,New Andrea,37
744,Rachel,Reese,F,1976-11-14,Michaelport,21
745,Jill,Barnes,M,1981-07-25,Johnfort,38
746,Christina,Chambers,O,1972-01-23,Port Markview,24
747,Bianca,Hunter,O,1978-02-20,Crystalside,35
748,Victor,Smith,F,1986-11-04,East Christopher,29
749,Cynthia,Bush,O,1974-05-08,East Williamstad,1
750,Lori,Powers,O,1985-06-22,East Davidburgh,8
751,Carla,Vasquez,F,1976-05-18,Brandimouth,7
752,James,Hendrix,F,1991-06-10,Joneston,45
753,Morgan,Ewing,F,1976-10-23,West Troyfurt,10
754,Walter,Rivera,F,1966-11-09,North Jaime,2
755,Aaron,Mejia,F,1966-06-26,Lake Jennifer,24
756,James,Thompson,F,1973-02-08,Shortmouth,46
757,Theresa,Jenkins,M,1968-09-06,Mitchellmouth,7
758,Danielle,Young,M,2001-01-01,Wallacemouth,34
759,Anthony,Collins,F,2000-06-04,Port Markmouth,18
760,James,Bennett,O,1973-12-06,Michellebury,38
761,Ian,Johnson,O,2004-11-20,Leslieberg,16
762,Melinda,Burton,O,2002-06-11,Port Scott,39
763,Julia,Powers,F,1967-12-27,Micheleville,39
764,Kimberly,Sanchez,M,1970-05-12,Mcleanport,22
765,Alyssa,Holt,M,1970-03-17,Amyside,26
766,Rachel,Smith,O,1984-02-27,Jenniferville,19
767,Peggy,Valentine,F,1997-12-18,Jamesfort,37
768,Amanda,Koch,F,1971-07-08,East Timothy,12
769,Debra,Harrison,M,1984-12-03,North Courtneyton,31
770,Jesse,Burton,F,1998-09-15,Tammyview,17
771,Megan,Murphy,M,2006-09-08,Andrefurt,2
772,Dennis,Morgan,F,1991-07-09,East Luisshire,2
773,Jade,Collins,F,2002-02-26,Shannonfort,32
774,Jessica,Bailey,F,2005-04-07,Franciscoside,23
775,Pamela,Mcclain,F,2007-02-12,Marktown,44
776,William,Turner,M,1980-11-04,Patrickchester,13
777,Amy,Schmitt,F,1995-12-28,East Dalehaven,45
778,Brianna,Vega,O,1969-12-30,Richardmouth,5
779,Chad,Simon,F,2000-01-24,Lake Kimberly,17
780,Donna,Wilkerson,F,2001-03-24,South Nicholas,43
781,Russell,Thompson,O,2005-11-03,Port Josefurt,38
782,Ana,Smith,F,2003-01-07,Edwardside,10
783,Kevin,Rodriguez,O,1984-08-19,Port Victoria,31
784,Mitchell,Campbell,O,2007-03-06,West Ronaldfurt,43
785,David,Mcgrath,F,1991-09-09,Sandersstad,9
786,Erica,Ellis,M,1994-11-11,New Joshua,18
787,Daniel,Torres,O,2002-08-25,Brandiville,1
788,Alicia,Green,F,1968-02-25,Ryanbury,8
789,Sheila,Johnson,O,1973-09-07,Mosleyside,17
790,Christopher,Morris,F,1968-08-03,South Deanna,42
791,William,Taylor,O,2006-12-05,West Michellemouth,41
792,Samuel,Stewart,O,1968-01-20,North Jeremy,23
793,Emily,Drake,M,1980-07-16,East Kimberlybury,21
794,Amanda,Robinson,O,1993-10-14,Rodriguezshire,33
795,Sean,Casey,M,1973-08-02,New Andre,42
796,David,Morales,O,2004-07-17,Justinstad,32
797,Michael,Robinson,O,2000-11-04,New Tami,13
798,Kevin,Hanson,M,1988-11-09,Scottville,40
799,Carmen,Smith,F,1998-11-09,Andersontown,32
800,Joseph,Gutierrez,M,2003-12-21,Birdburgh,6
801,Alison,Jones,F,1975-08-18,North Rhondaland,2
802,Rachel,Jones,O,1986-10-28,Evansmouth,28
803,Bryan,Rojas,O,2006-06-06,Terrellshire,29
804,Jennifer,Bennett,M,1987-03-25,Masonbury,8
805,Raymond,Bell,M,1977-09-27,New Markside,7
806,Judith,Bryan,F,1985-06-28,West Randyburgh,26
807,Timothy,Murphy,M,1978-01-05,West Melissaton,15
808,Karen,Mccullough,F,1996-05-19,Mckayshire,42
809,Andrew,Rodriguez,F,1986-11-08,Boothtown,18
810,Tasha,Mcbride,F,1982-07-28,West Amberland,49
811,John,Chavez,M,1975-03-01,South Julieview,2
812,James,Henry,O,1973-05-07,North Michael,44
813,Edward,Booker,M,1966-11-19,Frankport,38
814,Ryan,Mendez,F,2005-07-19,East Anita,19
815,Philip,Roberts,M,1999-01-02,West Patrickshire,20
816,Kathy,Howard,M,1983-03-05,Robertport,48
817,Aaron,Hale,M,1995-07-05,Wadetown,2
818,Amy,Kelley,O,1977-01-18,Colestad,12
819,Stephanie,Ward,M,1968-11-28,West Alexander,3
820,Bryan,Mcclain,M,1976-03-10,Rosemouth,49
821,Daniel,Moran,O,1994-03-12,Courtneymouth,15
822,David,Hurley,M,1976-08-18,North Carl,12
823,Robert,Navarro,F,1966-11-25,East Christopher,31
824,Jorge,Gay,M,2001-02-10,Rodrigueztown,26
825,Jacob,Price,O,1972-10-26,West Mercedesshire,34
826,Mario,Clark,O,1998-10-02,Nicholaschester,32
827,Charles,Snyder,O,1987-04-05,Smithland,38
828,Deanna,Bolton,M,1992-01-30,Maldonadoshire,31
829,Amanda,Kennedy,M,1971-05-24,West Michael,12
830,Timothy,Jimenez,M,1992-09-13,North Markburgh,34
831,Joe,Santos,F,2004-11-11,Tracyshire,32
832,Tina,Carroll,M,2004-09-10,Phillipshaven,4
833,Brenda,Adams,M,1981-08-09,South Leonard,40
834,Teresa,Moore,F,1974-03-25,Collinsport,18
835,Trevor,Rogers,F,2007-08-30,West Malikside,1
836,Donna,Baldwin,M,2005-05-25,South Lisa,14
837,Cassandra,Lin,M,1982-02-17,New Kristie,22
838,Christina,Schneider,O,1984-05-29,Port Dawn,26
839,Sean,Nguyen,F,1988-01-16,Reyesberg,5
840,Kimberly,Cox,F,1992-03-26,Garrettfurt,9
841,Rachel,Knapp,M,1998-05-02,Coreyfurt,34
842,Mary,Smith,M,1969-08-14,Lyonsshire,40
843,Jeffrey,Richardson,F,1986-12-02,New Christine,13
844,Sean,Fisher,O,1992-03-10,Mendozatown,49
845,Jill,Martinez,O,1967-07-25,Drakeland,1
846,Timothy,Rodriguez,M,1988-12-06,Riosmouth,23
847,Shannon,Lopez,M,1968-11-15,Glennmouth,35
848,Sonya,Jackson,O,1991-11-04,Bryanshire,33
849,Micheal,Roach,F,2001-09-30,New John,25
850,Robert,Ortiz,M,1979-01-03,Lauratown,6
851,Brianna,Oneill,F,2007-10-06,Andrewport,41
852,Donald,Simon,O,1967-03-04,Annehaven,6
853,Christopher,Bates,M,1989-06-26,Port Johnnyborough,19
854,Krystal,Lawrence,O,2000-06-12,Jennifermouth,27
855,Sandra,Young,F,1965-07-30,Kathleenburgh,11
856,Rebecca,Turner,O,1965-09-23,Lake Lisa,38
857,Bradley,Wilson,M,1978-03-28,Williamton,16
858,Jessica,Mccarty,F,1972-12-31,Bennettport,36
859,Christopher,Ramos,M,1977-07-03,Port Denisemouth,19
860,Rebecca,Allen,F,1972-11-13,East Bianca,48
861,Leah,Taylor,O,1972-01-22,North Katelyn,43
862,Tracey,Smith,O,1965-05-07,South Robin,34
863,Thomas,Miller,O,1986-06-01,New Kevin,48
864,Jason,Hickman,O,1995-05-07,Josephland,29
865,Christine,Cooper,F,1992-03-12,Simmonsfurt,39
866,Jeffrey,Atkins,F,1991-12-09,Owensmouth,3
867,Kevin,Anderson,F,1978-12-20,West Jessicahaven,38
868,Linda,Salazar,M,1996-06-29,West Jennifer,8
869,Lindsay,Lowe,F,1979-08-09,Deannashire,14
870,Michele,Haas,O,1985-07-22,Loweryview,14
871,Michael,Simpson,M,2005-01-10,New Joanstad,20
872,Jane,Poole,F,1986-07-02,Lopezshire,28
873,Natalie,Spencer,O,1998-12-01,Port Dana,21
874,James,Mitchell,M,1991-11-02,Markville,27
875,Melissa,Thompson,M,1983-02-25,Lake Kendraberg,8
876,Amanda,Maldonado,F,1997-09-06,Tammymouth,17
877,James,Vasquez,F,2005-12-05,Lake Mark,42
878,Susan,Fisher,F,1992-06-18,West Ashleymouth,10
879,Rhonda,Vargas,F,1982-02-10,Acevedomouth,15
880,Jason,Black,O,1996-05-07,South Alisha,34
881,Cathy,Roth,O,1987-08-15,Laurahaven,17
882,Richard,Parker,F,1967-08-01,Matthewland,16
883,Theresa,Fowler,O,1971-09-25,Williamsfort,6
884,Richard,Bauer,O,1978-05-06,Brandiside,31
885,Nathaniel,Ward,M,1975-10-09,Justinborough,36
886,Angela,Gibbs,M,1990-06-18,Codytown,40
887,Betty,Cortez,M,1973-06-27,Lake Jamesside,42
888,Melanie,Jackson,M,1966-11-25,Jonesberg,14
889,Michael,Smith,F,1988-06-25,Meganstad,17
890,Evan,Hernandez,O,2001-08-30,Mariahstad,33
891,John,Smith,M,1969-06-09,Davismouth,44
892,Tara,Greene,M,1983-03-11,Lindaberg,14
893,Curtis,Love,O,2001-08-06,Lake Gregberg,8
894,Angela,Gonzalez,M,2002-01-10,North Jessicaland,30
895,Melody,Nelson,F,1992-09-19,North Aaronberg,12
896,Kelly,Austin,F,1986-10-17,West Sandra,13
897,Claire,Benton,F,2005-11-15,Karenstad,49
898,Kristy,Holloway,M,1982-07-11,Port Jose,38
899,Paige,Mitchell,F,1973-05-16,West Davidside,31
900,Alexa,Payne,F,1988-07-24,South Williamborough,30
901,Mary,Lamb,O,1988-11-05,East Valerie,20
902,Casey,White,O,1986-07-25,West Wanda,7
903,Elizabeth,Ellis,F,1980-11-30,Kingside,12
904,Ashley,Roman,M,1993-02-17,Port Ericashire,3
905,Stacy,Rose,O,1969-01-23,Tracyville,18
906,Eric,Adams,F,1979-10-24,Jamesfort,36
907,Thomas,Allen,O,1988-01-08,East Tammyville,1
908,Brenda,Allen,M,1968-05-28,Hardyhaven,5
909,Jessica,Clayton,M,1997-12-18,New Steveshire,22
910,Cheyenne,Bradford,F,1987-02-01,South Karenborough,31
911,Anthony,Miller,O,2007-07-17,Schwartzfurt,40
912,Leonard,Strickland,O,1997-07-24,Lake Erinchester,16
913,Joel,Robinson,M,1978-08-25,Michaelville,8
914,Daniel,Thomas,M,1992-07-16,Cherylmouth,5
915,Brian,Scott,F,1984-04-07,Josephmouth,7
916,Robert,Ramirez,F,1980-11-27,Port Anitaside,30
917,Rose,Curtis,O,1986-09-11,Lake Rachael,9
918,Scott,Hays,M,2000-04-25,Grahambury,5
919,Carrie,Randall,F,1978-11-26,Nicoletown,22
920,Joshua,Kaufman,O,1978-04-14,Cynthiachester,38
921,Roberto,Fuller,O,2002-11-22,Sharonchester,1
922,Brian,Boyd,O,1977-06-30,Christopherhaven,19
923,Jesse,Marshall,M,1974-11-01,East Travisfurt,40
924,Mary,Smith,O,1973-08-10,Drakefurt,5
925,Melissa,Bender,F,1994-05-02,Bryanton,8
926,Gwendolyn,Choi,F,1977-03-28,West Colleenton,47
927,Adam,Martinez,F,2000-07-11,Joshuaburgh,24
928,Katherine,Morris,O,1993-04-29,Webbhaven,36
929,Richard,Mcgrath,M,1989-01-17,Barrettburgh,2
930,Amanda,Myers,M,2007-05-12,North Davidside,43
931,Sharon,Harris,O,1967-09-22,Port Courtney,19
932,Rita,Miller,F,1972-04-15,Kimmouth,45
933,Kevin,Lindsey,M,1994-07-14,Lewisburgh,11
934,Matthew,York,F,1999-11-11,West Timothy,32
935,Margaret,Bartlett,M,1965-08-12,Arroyoview,1
936,Tina,Jenkins,F,2001-10-25,Brandonshire,4
937,Andrew,Wilson,O,2004-09-23,Andreaburgh,2
938,Kayla,White,M,2004-03-05,Port William,22
939,Melissa,Jones,F,1966-11-10,North Joshua,38
940,Christopher,Johnson,F,1977-07-30,Larryton,15
941,Marissa,Tucker,M,1966-11-30,South Crystalton,21
942,Patricia,Banks,F,1989-06-19,South Natalie,8
943,Sharon,Beltran,F,1975-04-21,New Jenniferstad,9
944,Holly,Weber,F,1991-07-22,Jessicaland,12
945,Lori,Jones,M,1985-02-15,Port Stacey,23
946,Brian,Taylor,O,1986-07-29,Meghanshire,36
947,Traci,Phillips,M,1983-03-03,Harrisonview,31
948,Tracey,Crosby,F,1996-09-06,Jonesbury,40
949,Peter,Williams,M,1998-06-06,Port Williamville,6
950,Kyle,Watkins,M,1975-04-08,South Lauratown,34
951,David,Swanson,F,1989-01-28,Danielston,1
952,Diana,Shaw,O,1996-06-04,North Mary,1
953,Peter,Lopez,F,1995-10-07,New Paul,1
954,Mary,Lee,M,1991-01-19,South Amy,36
955,Janet,Gray,F,1973-09-22,East Daniel,33
956,Timothy,Morris,M,1974-09-23,New Sergiomouth,1
957,Michelle,Black,F,1971-06-08,Armstrongfurt,12
958,Shane,Fernandez,M,1969-05-16,Lisaport,10
959,Matthew,Smith,O,1998-04-14,Bonnieland,35
960,Vickie,Herman,M,1976-01-14,Johnstad,23
961,Eric,Robles,F,1965-10-10,Dawntown,38
962,Laura,Hunter,M,1977-09-01,North Dustin,9
963,Wendy,Skinner,M,1991-08-17,East Debra,2
964,Nicholas,Ortega,F,1971-12-28,Harristown,35
965,Sheila,Walker,F,1980-07-16,Dianeview,27
966,Kimberly,Tucker,F,1975-05-14,Woodshire,39
967,Ashley,Martinez,O,1976-08-16,Chapmanfort,20
968,Brandon,Holt,F,1990-12-22,Ginaville,40
969,Amanda,Stewart,M,2003-05-24,Port Matthewport,16
970,Jamie,Arias,O,1994-10-12,Katelynbury,22
971,Jennifer,Brown,O,1996-02-23,Port Kimview,36
972,Michael,Perry,M,2006-06-20,South Stephen,27
973,Sophia,Reeves,O,1987-04-24,Mezaton,30
974,Victor,Calhoun,F,1993-01-21,Rebeccabury,32
975,Dylan,Green,O,1989-05-10,Robertburgh,46
976,William,Johnson,M,1966-12-25,Rodriguezside,8
977,Jeffrey,Dillon,O,1974-07-22,New Jacqueline,14
978,Virginia,Collins,F,1975-05-08,North David,35
979,Robert,Rush,F,1997-01-25,Christinaport,14
980,Sarah,Estrada,F,1974-04-24,Hallstad,38
981,Sean,Salazar,M,1978-05-18,West Mark,43
982,Thomas,Castillo,F,1998-08-17,East Thomas,45
983,Rebekah,Cooper,F,1998-11-12,Caseport,35
984,Sergio,Wright,O,1998-12-31,Tranbury,11
985,Isabel,Potter,F,1984-12-07,Robertton,48
986,Erin,Nelson,O,1980-04-21,Port Sandraburgh,24
987,William,Hunt,O,1983-01-23,Maryhaven,29
988,Patricia,Ritter,F,1973-08-21,Lake Kathleenbury,46
989,Kyle,Cooper,O,2003-11-04,Port Timothyville,42
990,Pamela,Mayer,M,1987-05-18,North Christopherborough,6
991,Evan,Rodriguez,O,1993-07-26,Whiteberg,32
992,Lonnie,Pittman,M,1980-02-25,New Tiffanyview,30
993,Courtney,Conner,F,1996-03-22,Delgadofurt,49
994,Scott,Morgan,O,1989-02-06,Port Mary,33
995,Angela,Ellis,M,1979-08-03,Lewisborough,44
996,Cody,Perkins,M,1997-12-03,Port Cherylport,25
997,Richard,Olson,F,1989-12-29,Jacobhaven,12
998,Mario,Dickson,F,1969-04-12,Port Kevinborough,32
999,Justin,Miller,O,1968-04-14,Port Mary,49
1000,Adam,Barnes,F,1998-02-12,Robertashire,30
